sku,nombre,bodega_codigo,cantidad,lote,ubicacion
AE211X708NP0001,BOTE AEROSOL 211X708 N SB/SB 2P,Texcoco-01,1,LOTE-2026-215,PRODUCCION
AE211X604NP0001,BOTE AEROSOL 211X604 N SB/SB 2P,Texcoco-01,1,LOTE-2026-215,ALMACEN PT
AE202X509NP0001,BOTE AEROSOL 202X509 N SB/SB 2P,Texcoco-01,1,LOTE-2026-215,PRODUCCION
AE211X804ND0001,BOTE AEROSOL 211X804 N DOMESTICO H24/DOR,Texcoco-01,1,LOTE-2026-215,ALMACEN PT
AE211X804ND0002,BOTE AEROSOL 211X804 N CITRONOX H24/DOR,Texcoco-02,1,LOTE-2026-215,ALMACEN PT
AE211X804ND0003,BOTE AEROSOL 211X804 N POD TOTAL H24/DOR,Texcoco-02,1,LOTE-2026-215,ALMACEN PT
AE211X804ND0004,BOTE AEROSOL 211X804 N POD FULMINANTE H24/DOR,Texcoco-01,1,LOTE-2026-215,ALMACEN PT
AE211X804ND0005,BOTE AEROSOL 211X804 N CASA Y JARD H24/DOR,Texcoco-01,1,LOTE-2026-215,ALMACEN PT
AE211X804ND0006,BOTE AEROSOL 211X804 N CASA Y JARD LAV H24/DOR,Texcoco-02,1,LOTE-2026-215,ALMACEN PT
AE211X804ND0007,BOTE AEROSOL 211X804 N MATA CUCA H24/DOR,Texcoco-01,1,LOTE-2026-215,ALMACEN PT
AE202X509NP0002,BOTE AEROSOL 202X509 N ENCENDEDORES/SB,Texcoco-01,1,LOTE-2026-215,ALMACEN PT
AE202X509ND0001,BOTE AEROSOL 202X509 N SB/DOR 2P,Texcoco-01,1,LOTE-2026-215,ALMACEN PT
AE202X314NP0001,BOTE AEROSOL 202X314 N SB/SB 2P,Texcoco-01,1,LOTE-2026-215,ALMACEN PT
AE202X314NP0002,BOTE AEROSOL 202X314 N LT-40/SB,Texcoco-01,1,LOTE-2026-215,PRODUCCION
AE211X1200NP0001,BOTE AEROSOL 211X1200 N SB/SB 2P,Texcoco-01,1,LOTE-2026-215,ALMACEN PT
AE211X1200NP0002,BOTE AEROSOL 211X1200 N MAXIJUMBO/SB,Texcoco-01,1,LOTE-2026-215,ALMACEN PT
AE211X604NP0002,BOTE AEROSOL 211X604 N E-DUST PERFECT CHOICE/SB,Texcoco-01,1,LOTE-2026-215,ALMACEN PT
AE211X604NP0003,BOTE AEROSOL 211X604 N ESPUMA LIMP/SB,Texcoco-01,1,LOTE-2026-215,ALMACEN PT
AE211X604RP0001,BOTE AEROSOL 211X604 R SB/SB 2P,Texcoco-02,1,LOTE-2026-215,ALMACEN PT
AE211X604RP0002,BOTE AEROSOL 211X604 R ESTUFAS Y SOP/SB,Texcoco-01,1,LOTE-2026-215,ALMACEN PT
AE211X604RP0003,BOTE AEROSOL 211X604 R CARTUCHO GAS/SB,Texcoco-01,1,LOTE-2026-215,ALMACEN PT
AE211X708NP0002,BOTE AEROSOL 211X708 N CART PLOMER/SB,Texcoco-01,1,LOTE-2026-215,ALMACEN PT
AE211X708NP0003,BOTE AEROSOL 211X708 N CARUCHO GAS/SB,Texcoco-02,1,LOTE-2026-215,ALMACEN PT
AE211X708NP0004,BOTE AEROSOL 211X708 N ELEGATE/SB,Texcoco-01,1,LOTE-2026-215,ALMACEN PT
AE211X708NP0005,BOTE AEROSOL 211X708 N AIRE REMOVEDOR/SB,Texcoco-01,1,LOTE-2026-215,ALMACEN PT
AE211X708NP0006,BOTE AEROSOL 211X708 N GAS SOPLETES/SB,Texcoco-01,1,LOTE-2026-215,ALMACEN PT
AE211X708NP0007,BOTE AEROSOL 211X708 N OFFICE DEPOT/SB,Texcoco-02,1,LOTE-2026-215,ALMACEN PT
AE211X708NP0008,BOTE AEROSOL 211X708 N SB/SB 2Q,Texcoco-01,1,LOTE-2026-215,ALMACEN PT
AE211X708NP0009,BOTE AEROSOL 211X708 N TORNADO/SB,Texcoco-01,1,LOTE-2026-215,ALMACEN PT
AE211X708NP0010,BOTE AEROSOL 211X708 N SPRAY DUSTER/SB,Texcoco-01,1,LOTE-2026-215,ALMACEN PT
AL325FSP0001,BOTE ALCOHOLERO 32.5 BFS SB/SB,Texcoco-02,1,LOTE-2026-215,ALMACEN PT
AL325FSD0001,BOTE ALCOHOLERO 32.5 BFS SB/DOR,Texcoco-02,1,LOTE-2026-215,ALMACEN PT
AL325FSP0002,BOTE ALCOHOLERO 32.5 BFS FERROX/SB,Texcoco-02,1,LOTE-2026-215,ALMACEN PT
AL325FSP0003,BOTE ALCOHOLERO 32.5 BFS LOBO/SB,Texcoco-02,1,LOTE-2026-215,ALMACEN PT
AL325FSP0004,BOTE ALCOHOLERO 32.5 BFS BUFALO/SB,Texcoco-01,1,LOTE-2026-215,ALMACEN PT
AL325FSP0005,BOTE ALCOHOLERO 32.5 BFS TERMEX BCO/SB,Texcoco-01,1,LOTE-2026-215,ALMACEN PT
AL325FSP0006,BOTE ALCOHOLERO 32.5 BFS TERMEX GRIS/SB,Texcoco-01,1,LOTE-2026-215,ALMACEN PT
AL327FSP0001,BOTE ALCOHOLERO 32.7 BFS SB/SB,Texcoco-01,1,LOTE-2026-215,ALMACEN PT
AL327FSP0002,BOTE ALCOHOLERO 32.7 BFS IRIS/SB,Texcoco-01,1,LOTE-2026-215,ALMACEN PT
AL327FSP0003,BOTE ALCOHOLERO 32.7 BFS SOLDER/SB,Texcoco-01,1,LOTE-2026-215,ALMACEN PT
AL337FSP0001,BOTE ALCOHOLERO 33.7 BFS SB/SB,Texcoco-01,1,LOTE-2026-215,ALMACEN PT
AL337FSP0002,BOTE ALCOHOLERO 33.7 BFS NEPRO/SB,Texcoco-01,1,LOTE-2026-215,ALMACEN PT
AL337FSP0003,BOTE ALCOHOLERO 33.7 BFS REACTOR/SB,Texcoco-01,1,LOTE-2026-215,ALMACEN PT
AL337FSP0004,BOTE ALCOHOLERO 33.7 BFS BIANCHETI/SB,Texcoco-01,1,LOTE-2026-215,ALMACEN PT
AL337FSP0005,BOTE ALCOHOLERO 33.7 BFS DUSEL/SB,Texcoco-01,1,LOTE-2026-215,ALMACEN PT
AL337FSP0006,BOTE ALCOHOLERO 33.7 BFS KYSER AMARILLO/SB,Texcoco-01,1,LOTE-2026-215,ALMACEN PT
AL337FSP0007,BOTE ALCOHOLERO 33.7 BFS KYSER ROJO/SB,Texcoco-01,1,LOTE-2026-215,ALMACEN PT
AL337FSP0008,BOTE ALCOHOLERO 33.7 BFS KYSER AZUL/SB,Texcoco-01,1,LOTE-2026-215,ALMACEN PT
AL337FSP0009,BOTE ALCOHOLERO 33.7 BFS PIA/SB,Texcoco-01,1,LOTE-2026-215,ALMACEN PT
AL337FSP0010,BOTE ALCOHOLERO 33.7 BFS ASLAN/SB,Texcoco-01,1,LOTE-2026-215,ALMACEN PT
AL348FSP0001,BOTE ALCOHOLERO 34.8 BFS SB/SB,Texcoco-01,1,LOTE-2026-215,ALMACEN PT
AL348FSP0002,BOTE ALCOHOLERO 34.8 BFS SQ ACON 314/SB,Texcoco-01,1,LOTE-2026-215,ALMACEN PT
AL348FSP0003,BOTE ALCOHOLERO 34.8 BFS BOND PLUS/SB,Texcoco-01,1,LOTE-2026-215,ALMACEN PT
AL348FSP0004,BOTE ALCOHOLERO 34.8 BFS MDN/SB,Texcoco-01,1,LOTE-2026-215,ALMACEN PT
AL360FSP0001,BOTE ALCOHOLERO 36 BFS SB/SB,Texcoco-01,1,LOTE-2026-215,ALMACEN PT
AL360FSP0002,BOTE ALCOHOLERO 36 BFS PEGAFULL/SB,Texcoco-02,1,LOTE-2026-215,ALMACEN PT
PI404X414TPP0001,BOTE PINTURA 404X414 BTP SB/SB,Texcoco-02,1,LOTE-2026-215,ALMACEN PT
PI404X414TPD0001,BOTE PINTURA 404X414 BTP SB/DOR,Texcoco-02,1,LOTE-2026-215,ALMACEN PT
FS610X402X9070001,BOTE F-STYLE 610X402X907 SB/SB,Texcoco-01,1,LOTE-2026-215,ALMACEN PT
FS610X402X9070002,BOTE F-STYLE 610X402X907 SB/DOR,Texcoco-01,1,LOTE-2026-215,ALMACEN PT
FS610X402X10050001,BOTE F-STYLE 610X402X1005 SB/SB,Texcoco-01,1,LOTE-2026-215,ALMACEN PT
